repository	name	path	version	prefix
0Chris5R/StanfordCS336-Own-Transformer	config-v12qkodk.yaml	wandb/sweep-g1x8g8xi/config-v12qkodk.yaml	unknown	
a-botas/testPprotege	testp-odk.yaml	src/ontology/testp-odk.yaml	1.6.1	
aapm-bdsc-ontology-tg/rto	rto-odk.yaml	src/ontology/rto-odk.yaml	unknown	
adeans/gallont	gallont-odk.yaml	src/ontology/gallont-odk.yaml	1.5	gallont
AgriculturalSemantics/seont_test	seont-odk.yaml	src/ontology/seont-odk.yaml	1.2.22	
ai4curation/icbo-ai-tutorial	go-odk.yaml	src/ontology/go-odk.yaml	1.5.2	
airr-knowledge/ak-ontology	ak-ontology-odk.yaml	src/ontology/ak-ontology-odk.yaml	1.5.4	
allysonlister/swo	swo-odk.yaml	src/ontology/swo-odk.yaml	1.3.2-dev	swo
anitacaron/cato	cato-odk.yaml	src/ontology/cato-odk.yaml	1.4.3	
ApolloDev/apollo-sv	apollo_sv-odk.yaml	src/ontology/apollo_sv-odk.yaml	1.6.1	apollosv
arpcard/mobio	mobio-odk.yaml	src/ontology/mobio-odk.yaml	1.4	mobio
ASHS21/csonto	csonto-odk.yaml	src/ontology/csonto-odk.yaml	1.4.3	
BAMresearch/wcso	wcso-odk.yaml	src/ontology/wcso-odk.yaml	1.6	
BDI-UFRGS/GeoCoreOntology	geocore-odk.yaml	src/ontology/geocore-odk.yaml	1.5	
bedri/open-directory-crawler	odk.yaml	odk.yaml	unknown	
berkeleybop/artificial-intelligence-ontology	aio-odk.yaml	src/ontology/aio-odk.yaml	1.6.1	aio
berkeleybop/bero	bero-odk.yaml	src/ontology/bero-odk.yaml	1.5	
berkeleybop/metpo	metpo-odk.yaml	src/ontology/metpo-odk.yaml	1.6.1	metpo
BICCN/TMN	TMN-odk.yaml	src/ontology/TMN-odk.yaml	1.3.1	
bio-ontology-research-group/unit-ontology	uo-odk.yaml	src/ontology/uo-odk.yaml	1.6	uo
BioComputingUP/idpo	idpo-odk.yaml	src/ontology/idpo-odk.yaml	1.6.1	idpo
BiodiversityOntologies/bco	bco-odk.yaml	src/ontology/bco-odk.yaml	1.2.30	bco
bioepic-data/bervo	bervo-odk.yaml	src/ontology/bervo-odk.yaml	1.6	bervo
Bipolar-Disorder-Ontology/BDON	bdon-odk.yaml	src/ontology/bdon-odk.yaml	1.6.1	
bmir-radx/dhmo	dhmo-odk.yaml	src/ontology/dhmo-odk.yaml	1.5.2	
bmir-radx/gcbo	gcbo-odk.yaml	src/ontology/gcbo-odk.yaml	1.5	
bmir-radx/radx-ontology-workflows	rxow-odk.yaml	src/ontology/rxow-odk.yaml	1.5	
bmir-radx/radx-study-analysis-vocab	radsav-odk.yaml	src/ontology/radsav-odk.yaml	1.5	
bojet051/broiler-production-ontology	broiler-production-ontology-odk.yaml	src/ontology/broiler-production-ontology-odk.yaml	1.6.1	
brain-bican/bican_application_ontology	bicano-odk.yaml	src/ontology/bicano-odk.yaml	1.6	
brain-bican/developing_human_brain_atlas_ontology	dhbao-odk.yaml	src/ontology/dhbao-odk.yaml	1.4	dhba
brain-bican/developing_mouse_brain_atlas_ontology	dmbao-odk.yaml	src/ontology/dmbao-odk.yaml	1.4	dmba
brain-bican/human_brain_atlas_ontology	hbao-odk.yaml	src/ontology/hbao-odk.yaml	1.4	hba
brain-bican/mouse_brain_atlas_ontology	mbao-odk.yaml	src/ontology/mbao-odk.yaml	1.4	mba
brain-bican/primate_brain_atlas_ontology	pbao-odk.yaml	src/ontology/pbao-odk.yaml	1.4	pba
brain-bican/techniques_ontology	bito-odk.yaml	src/ontology/bito-odk.yaml	1.4.2	
BRENDA-Enzymes/BTO	bto-odk.yaml	src/ontology/bto-odk.yaml	1.2.19	bto
Buffalo-Ontology-Group/MRI_Ontology	MRIO-odk.yaml	src/ontology/target/MRIO/src/ontology/MRIO-odk.yaml	1.5.4	
buildsi/error-analysis	u32akse7wtb53erc5jskyezo6ff5nodk.yaml	data/spec_files/errors/u32akse7wtb53erc5jskyezo6ff5nodk.yaml	unknown	
ccyid/example	example-odk.yaml	src/ontology/example-odk.yaml	1.6.1	
cellannotation/cap_ontology	capo-odk.yaml	src/ontology/capo-odk.yaml	1.3.1	
Cellular-Semantics/CellMark	clm-odk.yaml	src/ontology/clm-odk.yaml	1.5.2	clm
Cellular-Semantics/hmba_basal_ganglia_ontology	bgo-odk.yaml	src/ontology/bgo-odk.yaml	1.6	
Cellular-Semantics/whole_human_brain_ontology	whbo-odk.yaml	src/ontology/whbo-odk.yaml	1.4.3	
Cellular-Semantics/whole_mouse_brain_ontology	wmbo-odk.yaml	src/ontology/wmbo-odk.yaml	1.5.2	
ckindermann/radx	radx-odk.yaml	src/ontology/radx-odk.yaml	1.5	
cmllezr/NOES-Onto	project-odk.yaml	project-odk.yaml	1.6	
cmungall/chemessence	chemessence-odk.yaml	src/ontology/chemessence-odk.yaml	1.5.2	
cmungall/fix	fix-odk.yaml	src/ontology/fix-odk.yaml	1.6	fix
cmungall/lsfo	lsfo-odk.yaml	src/ontology/lsfo-odk.yaml	1.5.2	
cmungall/mamo	mamo-odk.yaml	src/ontology/mamo-odk.yaml	1.6	mamo
cmungall/rex	rex-odk.yaml	src/ontology/rex-odk.yaml	1.6	rex
cmungall/vario	vario-odk.yaml	src/ontology/vario-odk.yaml	1.6	
CPCLab/molsim-ontology	molsim-odk.yaml	src/ontology/molsim-odk.yaml	1.6.1	molsim
crunchdomo/cooking-conversation-thesis	foodon-odk.yaml	.hidden/archive/foodon-master/src/ontology/foodon-odk.yaml	unknown	
crunchdomo/thesis-cooking-conversation-final	foodon-odk.yaml	.hidden/archive/foodon-master/src/ontology/foodon-odk.yaml	unknown	
cupkk/agentrl	qw14b_waodk.yaml	examples/training/configs/qw14b_waodk.yaml	unknown	
datenoio/dataportals-registry	metocforsvaretfcoodk.yaml	data/entities/DK/Federal/scientific/metocforsvaretfcoodk.yaml	unknown	
ddevadat/iac-ansible-collection-roles	install_odk.yaml	openg2p/iac/roles/spar_oke_deploy/tasks/install_odk.yaml	unknown	
demkg-framework/extensions-ontology	demkg-odk.yaml	src/ontology/demkg-odk.yaml	1.4.1	
denniszielke/container_demos	modk.yaml	aci/modk.yaml	unknown	
dini-ag-kim/school-curriculum-pg	lp-odk.yaml	src/ontology/lp-odk.yaml	1.6	kim.lp
DominikMartinat/membrane_ontology	memon-odk.yaml	src/ontology/memon-odk.yaml	1.5.2	
dragon-ai-agent/icbo-ai-tutorial	go-odk.yaml	src/ontology/go-odk.yaml	1.5.2	
EBISPOT/covoc	covoc-odk.yaml	src/ontology/covoc-odk.yaml	1.3.1	covoc
EBISPOT/EJP-Ontology	ejp-rd-odk.yaml	src/ontology/ejp-rd-odk.yaml	1.2.19	ejprd
EBISPOT/hancestro	hancestro-odk.yaml	src/ontology/hancestro-odk.yaml	1.5.4	
EBISPOT/ontology_editor_training	wine-odk.yaml	src/ontology/target/wine/src/ontology/wine-odk.yaml	1.3.1	
EBISPOT/scatlas_ontology	scatlas-odk.yaml	src/ontology/scatlas-odk.yaml	1.4.3	
echinoderm-ontology/ecao_ontology	ecao-odk.yaml	src/ontology/ecao-odk.yaml	1.2.22	ecao
EcologicalSemantics/ecocore	ecocore-odk.yaml	src/ontology/ecocore-odk.yaml	1.6.1	ecocore
EnvironmentOntology/environmental-exposure-ontology	ecto-odk.yaml	src/ontology/ecto-odk.yaml	1.6.1	ecto
eu-parc/parco	parco-odk.yaml	src/ontology/parco-odk.yaml	1.4	
eu-parc/parco-ca	parco-ca-odk.yaml	src/ontology/parco-ca-odk.yaml	1.4	
FAIRsharing/domain-ontology	DRAO-odk.yaml	src/ontology/target/DRAO/src/ontology/DRAO-odk.yaml	1.6	drao
FAIRsharing/subject-ontology	SRAO-odk.yaml	src/ontology/SRAO-odk.yaml	1.6	srao
fjelltopp/fjelltopp-ansible	odk.yaml	roles/odk-central/templates/kubernetes/odk.yaml	unknown	
FlyBase/drosophila-anatomy-developmental-ontology	fbbt-odk.yaml	src/ontology/fbbt-odk.yaml	1.6.1	fbbt
FlyBase/drosophila-developmental-ontology	fbdv-odk.yaml	src/ontology/fbdv-odk.yaml	1.6.1	fbdv
FlyBase/drosophila-phenotype-ontology	dpo-odk.yaml	src/ontology/dpo-odk.yaml	1.6.1	dpo
FlyBase/flybase-controlled-vocabulary	fbcv-odk.yaml	src/ontology/fbcv-odk.yaml	1.6.1	fbcv
FoodOntology/foodon	foodon-odk.yaml	src/ontology/foodon-odk.yaml	1.6.1	foodon
foundingGIDE/fbbi	fbbi-odk.yaml	src/ontology/fbbi-odk.yaml	1.6.1	fbbi
futres/fovt	fovt-odk.yaml	src/ontology/fovt-odk.yaml	1.4.1	fovt
futres/uberonfovt	uberonfovt-odk.yaml	src/ontology/uberonfovt-odk.yaml	1.2.32	
FWU-DE/lehrplan-ontologie	lp-odk.yaml	src/ontology/lp-odk.yaml	1.6	
FWU-DE/schulart-ontologie	sa-odk.yaml	src/ontology/sa-odk.yaml	1.6	
FWU-DE/schulfach-ontologie	sf-odk.yaml	src/ontology/sf-odk.yaml	1.6	
GC-Data-Ecosystem/gcde_ontology	gcde-odk.yaml	src/ontology/gcde-odk.yaml	1.4	
GenEpiO/genepio	genepio-odk.yaml	src/ontology/genepio-odk.yaml	1.6.1	genepio
GerhardBalz/pizza-ontology	pizza-odk.yaml	src/ontology/pizza-odk.yaml	1.6.1	
h3abionet/afpo	afpo-odk.yaml	src/ontology/afpo-odk.yaml	1.5.1	afpo
hellodk/dumpyard	dashboards-hellodk.yaml	kubernetes/utilities/dashboards-hellodk.yaml	unknown	
hgoerzig/cdi4pan	cdi4pan-odk.yaml	src/ontology/cdi4pan-odk.yaml	1.5.2	
Hotel-Foxtrot-Tango-Echo/przemienniki-mapy73pl	OM0ODK.yaml	db/sk/OM0ODK.yaml	unknown	
hotosm/field-tm	compose.odk.yaml	deploy/compose.odk.yaml	unknown	
hubmapconsortium/ccf-ontology	ccf-odk.yaml	src/ontology/ccf-odk.yaml	1.3.0	ccf
INF-UFRGS-Ontologies/COPI	copi-odk.yaml	src/ontology/copi-odk.yaml	1.6.1	
INF-UFRGS-Ontologies/O3PO	o3po-odk.yaml	src/ontology/o3po-odk.yaml	1.6	
information-artifact-ontology/ontology-metadata	omo-odk.yaml	src/ontology/omo-odk.yaml	1.6.1	omo
insect-morphology/aism	aism-odk.yaml	src/ontology/aism-odk.yaml	1.6	aism
insect-morphology/colao	colao-odk.yaml	src/ontology/target/colao/src/ontology/colao-odk.yaml	1.5.1	colao
insect-morphology/lepao	lepao-odk.yaml	src/ontology/lepao-odk.yaml	1.4	lepao
InSilicoVida-Research-Lab/pbpko	pbpko-odk.yaml	src/ontology/pbpko-odk.yaml	1.6	pbpko
ISE-FIZKarlsruhe/memo	memo-odk.yaml	src/ontology/memo-odk.yaml	1.6	
ISE-FIZKarlsruhe/mwo	mwo-odk.yaml	src/ontology/mwo-odk.yaml	1.6	mwo
ISE-FIZKarlsruhe/nfdi4culture	cto-odk.yaml	src/ontology/cto-odk.yaml	1.6	nfdi4culture.cto
ISE-FIZKarlsruhe/nfdicore	nfdicore-odk.yaml	src/ontology/nfdicore-odk.yaml	1.6	nfdi.core
joaquinpereyra98/legendary-classes-pf1e	feat_Commanding_Voice_wICEUtp8UQlBTODK.yaml	src/packs/legendary-domains-abilities/feat_Commanding_Voice_wICEUtp8UQlBTODK.yaml	unknown	
JPReceveur/sudo_ontology	sudo-odk.yaml	src/ontology/sudo-odk.yaml	1.5.4	
karanthpallavi/rosetta_statement_ontology	rosettastmtont-odk.yaml	src/ontology/rosettastmtont-odk.yaml	1.6	
KrishnaTO/immuno-test	immunotest-odk.yaml	src/ontology/immunotest-odk.yaml	1.6	
luisenriqueramos1977/digitrubber	DIGIT-RUBBER-odk.yaml	src/ontology/DIGIT-RUBBER-odk.yaml	1.3.1	
materialdigital/application-ontology-template	project-odk.yaml	project-odk.yaml	unknown	
materialdigital/core-ontology	pmdco-odk.yaml	src/ontology/pmdco-odk.yaml	1.6.1	pmdco
materialdigital/creep-testing-ontology	cto-odk.yaml	src/ontology/cto-odk.yaml	1.6	
materialdigital/heat-treatment-ontology	hto-odk.yaml	src/ontology/hto-odk.yaml	1.6	
materialdigital/Mechanical-Testing-Ontology	project-odk.yaml	project-odk.yaml	1.6	
materialdigital/tensile-test-ontology	tto-odk.yaml	src/ontology/tto-odk.yaml	1.6	
mcwdsi/dron	dron-odk.yaml	src/ontology/dron-odk.yaml	1.6.1	dron
mcwdsi/OMRSE	omrse-odk.yaml	src/ontology/omrse-odk.yaml	1.6.1	omrse
mcwdsi/rehabo	rehabo-odk.yaml	src/ontology/rehabo-odk.yaml	1.6.1	rehabo
mgijax/mammalian-phenotype-ontology	mp-odk.yaml	src/ontology/mp-odk.yaml	1.6	mp
microbial-conditions-ontology/Microbial-Conditions-Ontology	mco-odk.yaml	src/ontology/mco-odk.yaml	1.2.24	mco
Mjvolk3/torchcell_ontology	tco-odk.yaml	src/ontology/tco-odk.yaml	1.4.3	
monarch-initiative/GENO-ontology	geno-odk.yaml	src/ontology/geno-odk.yaml	unknown	geno
monarch-initiative/glyco-phenotype-ontology	mgpo-odk.yaml	src/ontology/mgpo-odk.yaml	1.6	
monarch-initiative/MAxO	maxo-odk.yaml	src/ontology/maxo-odk.yaml	1.6	maxo
monarch-initiative/mondo-ingest	mondo-ingest-odk.yaml	src/ontology/mondo-ingest-odk.yaml	1.6	
monarch-initiative/monochrom	chr-odk.yaml	src/ontology/chr-odk.yaml	1.6	chr
monarch-initiative/phenio	phenio-odk.yaml	src/ontology/phenio-odk.yaml	1.6	
monarch-initiative/SEPIO-ontology	sepio-odk.yaml	src/ontology/sepio-odk.yaml	1.4	sepio
monarch-initiative/vertebrate-breed-ontology	vbo-odk.yaml	src/ontology/vbo-odk.yaml	1.6	vbo
Multiomics-Analytics-Group/prefer_ontology	prefer-odk.yaml	src/ontology/prefer-odk.yaml	1.6	
NASA-IMPACT/sddo	sddo-odk.yaml	src/ontology/sddo-odk.yaml	1.3.0	sddo
nasa/LSDAO	slso-odk.yaml	src/ontology/slso-odk.yaml	1.5.4	slso
NFDI4Chem/VibrationalSpectroscopyOntology	vibso-odk.yaml	src/ontology/vibso-odk.yaml	1.5.2	vibso
nmrML/nmrCV	nmrCV-odk.yaml	src/ontology/nmrCV-odk.yaml	1.5.4	nmr
obo-behavior/behavior-ontology	nbo-odk.yaml	src/ontology/nbo-odk.yaml	1.4	nbo
OBOFoundry/COB	cob-odk.yaml	src/ontology/cob-odk.yaml	1.5.2	cob
obophenotype/adult-mouse-anatomy-ontology	ma-odk.yaml	src/ontology/ma-odk.yaml	1.6	ma
obophenotype/bio-attribute-ontology	oba-odk.yaml	src/ontology/oba-odk.yaml	1.6	oba
obophenotype/biological-spatial-ontology	bspo-odk.yaml	src/ontology/bspo-odk.yaml	1.3.1	bspo
obophenotype/brain_data_standards_ontologies	bdso-odk.yaml	src/ontology/bdso-odk.yaml	1.4	
obophenotype/c-elegans-development-ontology	wbls-odk.yaml	src/ontology/wbls-odk.yaml	1.6.1	wbls
obophenotype/c-elegans-gross-anatomy-ontology	wbbt-odk.yaml	src/ontology/wbbt-odk.yaml	1.2.22	wbbt
obophenotype/c-elegans-phenotype-ontology	wbphenotype-odk.yaml	src/update_repo/wbphenotype-odk.yaml	1.6.1	wbphenotype
obophenotype/caro	caro-odk.yaml	src/ontology/caro-odk.yaml	1.6	caro
obophenotype/cell-ontology	cl-odk.yaml	src/ontology/cl-odk.yaml	1.6.1	cl
obophenotype/developmental-stage-ontologies	life-stages-odk.yaml	src/ontology/life-stages-odk.yaml	1.5.4	pdumdv
obophenotype/dicty-phenotype-ontology	ddpheno-odk.yaml	src/ontology/ddpheno-odk.yaml	1.4	ddpheno
obophenotype/human-phenotype-ontology	hp-odk.yaml	src/ontology/hp-odk.yaml	1.6	hp
obophenotype/planaria-ontology	plana-odk.yaml	src/ontology/plana-odk.yaml	1.4	plana
obophenotype/planarian-phenotype-ontology	planp-odk.yaml	src/ontology/planp-odk.yaml	1.2.20	planp
obophenotype/porifera-ontology	poro-odk.yaml	src/ontology/poro-odk.yaml	1.6.1	poro
obophenotype/provisional_cell_ontology	pcl-odk.yaml	src/ontology/pcl-odk.yaml	1.4.3	pcl
obophenotype/uberon	uberon-odk.yaml	src/ontology/uberon-odk.yaml	1.6.1	uberon
obophenotype/upheno	upheno-odk.yaml	src/ontology/upheno-odk.yaml	1.6	upheno
obophenotype/vccf-ontology	vccf-odk.yaml	src/ontology/vccf-odk.yaml	1.4.3	
obophenotype/xenopus-phenotype-ontology	xpo-odk.yaml	src/ontology/xpo-odk.yaml	1.5	xpo
obophenotype/zebrafish-phenotype-ontology	zp-odk.yaml	src/ontology/zp-odk.yaml	1.6.1	zp
oborel/obo-relations	ro-odk.yaml	src/ontology/ro-odk.yaml	1.6	ro
oci-sunbird/iac-ansible-collection-roles	install_odk.yaml	openg2p/iac/roles/spar_oke_deploy/tasks/install_odk.yaml	unknown	
ofwallaart/SBASC	woDK.yaml	conf/ablation/woDK.yaml	unknown	
OGMS/ogms	ogms-odk.yaml	src/ontology/ogms-odk.yaml	1.6	ogms
OpenLHS/DASH-Onto	DASH-Onto-odk.yaml	src/ontology/DASH-Onto-odk.yaml	1.5.1	
OpenLHS/HEPRO	HEPRO-odk.yaml	src/ontology/HEPRO-odk.yaml	1.5.1	hepro
OpenLHS/HOSO	HOSO-odk.yaml	src/ontology/HOSO-odk.yaml	1.6	hoso
OpenLHS/IOIO	IOIO-odk.yaml	src/ontology/IOIO-odk.yaml	1.5.1	ioio
OpenLHS/MPHPO	MPHPO-odk.yaml	src/ontology/MPHPO-odk.yaml	1.6	
OpenLHS/Ontorel-Core	Ontorel-Core-odk.yaml	src/ontology/Ontorel-Core-odk.yaml	1.5.1	
OpenLHS/OpenLHS-Core	OpenLHS-Core-odk.yaml	src/ontology/OpenLHS-Core-odk.yaml	1.6	
oral-health-and-disease-ontologies/ohd-ontology	ohd-odk.yaml	src/ontology/ohd-odk.yaml	1.5.2	ohd
pato-ontology/pato	pato-odk.yaml	src/ontology/pato-odk.yaml	1.6.1	pato
PennTURBO/turbo-ontology	turbo-odk.yaml	src/ontology/target/turbo/src/ontology/turbo-odk.yaml	1.3.0	
pfabry/ODKDocs	ODKDocs-odk.yaml	src/ontology/ODKDocs-odk.yaml	1.4	
pfabry/ODKDocsV2	ODKDocsV2-odk.yaml	src/ontology/ODKDocsV2-odk.yaml	1.5	
PHI-base/phipo	phipo-odk.yaml	src/ontology/phipo-odk.yaml	1.6	phipo
Planteome/plant-stress-ontology	pso-odk.yaml	src/ontology/pso-odk.yaml	1.4.3	pso
PlantPhenoOntology/ppo	ppo-odk.yaml	src/ontology/ppo-odk.yaml	1.5.4	ppo
pombase/fypo	fypo-odk.yaml	src/ontology/fypo-odk.yaml	1.6	fypo
PopulationAndCommunityOntology/pco	pco-odk.yaml	src/ontology/pco-odk.yaml	1.2.21	pco
Radiobiology-Informatics-Consortium/RBO	rbo-odk.yaml	src/ontology/rbo-odk.yaml	1.5.4	rbo
REEVALUATE/CACAO	cacao-odk.yaml	src/ontology/cacao-odk.yaml	1.5.4	
rsc-ontology/rsc-cmo	chmo-odk.yaml	src/ontology/chmo-odk.yaml	1.6.1	
rsc-ontology/rxno	rxno-odk.yaml	src/ontology/rxno-odk.yaml	1.6.1	
rsc3/biocoreterms	biocoreterms-odk.yaml	src/ontology/biocoreterms-odk.yaml	1.4.3	
samdus/EINS2023-EquipeBleuOntologie	eins2023-odk.yaml	src/ontology/eins2023-odk.yaml	1.4.1	
semanticchemistry/semanticchemistry	cheminf-odk.yaml	cheminf_ODK/src/ontology/cheminf-odk.yaml	unknown	cheminf
siwany/dbbench-checkpoint-exploration	qw14b_waodk.yaml	AgentRL/examples/training/configs/qw14b_waodk.yaml	unknown	
SocioProphet/gaia-world-model	ecto-odk.yaml	gaia/cv/sources/EnvironmentOntology_environmental-exposure-ontology@c5b17dff2ee222aaf1e775e095c1b95e48395981/environmental-exposure-ontology-c5b17dff2ee222aaf1e775e095c1b95e48395981/src/ontology/ecto-odk.yaml	unknown	
StroemPhi/semunit	semunit-odk.yaml	src/ontology/semunit-odk.yaml	1.5.2	
stuchalk/chemical-analysis-ontology	cao-odk.yaml	src/ontology/cao-odk.yaml	1.4.1	cao
terms4fairskills/FAIRterminology	t4fs-odk.yaml	src/ontology/t4fs-odk.yaml	1.5.4	t4fs
ThHanke/quay	quay-odk.yaml	src/ontology/quay-odk.yaml	1.6	
THUDM/AgentRL	qw14b_waodk.yaml	examples/training/configs/qw14b_waodk.yaml	unknown	
TIBHannover/DIGIT-RUBBER	digitrubber-odk.yaml	src/ontology/digitrubber-odk.yaml	1.5.4	digitrubber
tibonto/aeon	aeon-odk.yaml	src/ontology/aeon-odk.yaml	1.4	aeon
timalamenciak/elmo	elmo-odk.yaml	src/ontology/elmo-odk.yaml	1.5.4	
Tree-of-Sex/ToS-Ontology	toso-odk.yaml	src/ontology/toso-odk.yaml	1.6.1	
UA-SRC-data/srpdio	srpdio-odk.yaml	src/ontology/srpdio-odk.yaml	1.3.0	
uflcod/emotion-response-ontology	emro-odk.yaml	src/ontology/emro-odk.yaml	1.3.1	emro
uflcod/pain-ontology	pain-odk.yaml	src/ontology/pain-odk.yaml	1.3.1	pain
VirtualFlyBrain/vfb-driver-ontology	VFB_drivers-odk.yaml	src/ontology/VFB_drivers-odk.yaml	1.6.1	
VirtualFlyBrain/vfb-EPseq-ontology	VFB_EPseq-odk.yaml	src/ontology/VFB_EPseq-odk.yaml	1.6.1	
VirtualFlyBrain/vfb-extension-ontology	vfbext-odk.yaml	src/ontology/vfbext-odk.yaml	1.6.1	
VirtualFlyBrain/vfb-neurotransmitter-predictions	VFB_NT-odk.yaml	src/ontology/VFB_NT-odk.yaml	1.6.1	
VirtualFlyBrain/vfb-scRNAseq-gene-annotations	VFB_scRNAseq_genes-odk.yaml	src/ontology/VFB_scRNAseq_genes-odk.yaml	1.6.1	
VirtualFlyBrain/vfb-scRNAseq-ontology	VFB_scRNAseq-odk.yaml	src/ontology/VFB_scRNAseq-odk.yaml	1.6	
visoteeyy111/vivo-odk-test	vivotest-odk.yaml	src/ontology/vivotest-odk.yaml	1.6.1	
vyasakhilesh/digitrubber	digitrubber-odk.yaml	src/ontology/digitrubber-odk.yaml	1.4	
Waltham-Data-Science/empty-ontology	empty-odk.yaml	src/ontology/empty-odk.yaml	1.6	empty
yasuhide0802/Eye2	hp-odk.yaml	src/ontology/hp-odk.yaml	1.5.2	
ZFIN/zebrafish-anatomical-ontology	zfa-odk.yaml	src/ontology/zfa-odk.yaml	1.6	zfa
